Project Number,Acronym,Researcher(s),Ateneo,Numero di organizzazioni,Grant Type,year,EU contribution
101167101,REM@KE,"Andrea Schiavio, Joel Speerstra, Massimiliano Guido",PAVIA,3,Synergy Grants,2024,8031361.0
101167218,SKIN2DTRONICS,"Andras Kis, Andres Castellanos-Gomez, Gianluca Fiori, Kostas Kostarelos",PISA,4,Synergy Grants,2024,9896897.0
101118626,EndoTheranostics,"Alberto Arezzo, Bruno Siciliano, Kaspar Althoefer",TORINO,3,Synergy Grants,2023,7616426.25
101118565,LAST NEANDERTHALS,"Francesco Berna, Omry Barzilai, Stefano Benazzi","BOLOGNA,SIENA",3,Synergy Grants,2023,12920328.0
101071533,CASTLE,"Michael R. Wasielewski, Robert Bittl, Roberta Sessoli, Stefano Carretta","FIRENZE,PARMA",4,Synergy Grants,2022,8976957.0
101071900,NEMESIS,"Gustavo Deco, Marcello Massimini, Maria Victoria Sanchez-Vives, Maurizio Corbetta","MILANO,PADOVA",4,Synergy Grants,2022,9927253.75
855923,ASTRA,"Giancarlo Ruocco, Giangaetano Tartaglia, Irene Bozzoni","ROMA ""La Sapienza""",3,Synergy Grants,2019,7741799.0
810182,SCOPE,"Annemie Bogaerts, Evgeny Rebrov, Gabriele Centi",MESSINA,3,Synergy Grants,2018,9979269.38
810356,SOLID,"Hanspeter Kriesi, Maurizio Ferrera, Waltraud Schelkle",MILANO,3,Synergy Grants,2018,9604137.75
101189458,PREDICT,Chiara Ambrogio,TORINO,1,Proof of Concept,2024,150000.0
101117436,KAPTION,Irene Gallina,PADOVA,1,Starting Grants,2023,1494774.0
101078838,CentroFun,Simona Giunta,"ROMA ""La Sapienza""",1,Starting Grants,2022,1500000.0
101076026,TRANS-3,Alessandro Bertero,TORINO,1,Starting Grants,2022,1769998.0
101094471,MetaQ,Andrea Mattevi,PAVIA,1,Advanced Grants,2022,2107750.0
101001288,KARMA,Chiara Ambrogio,TORINO,1,Consolidator Grants,2020,1996853.0
614541,DNAMEREP,Vincenzo Costanzo,MILANO,1,Consolidator Grants,2013,1999800.0
340172,MUNCODD,Irene Bozzoni,"ROMA ""La Sapienza""",1,Advanced Grants,2013,2000000.0
294777,mitoCalcium,Rosario Rizzuto,PADOVA,1,Advanced Grants,2011,2432400.0
101171662,SPECOLA,Davide Risso,PADOVA,1,Consolidator Grants,2024,1979375.0
648670,SPICE,Francesca Demichelis,TRENTO,1,Consolidator Grants,2014,1996428.0
322749,DEPTH,Giovanni Cesareni,"ROMA ""Tor Vergata""",1,Advanced Grants,2012,2639804.0
260897,AnoRep,Flaminia Catteruccia,PERUGIA,1,Starting Grants,2010,1500000.0
101142557,INTEGRATE,Luca Scorrano,PADOVA,1,Advanced Grants,2023,2499935.0
101002280,EGFRtoMITO,Sara Sigismund,MILANO,1,Consolidator Grants,2020,1840125.0
716910,MetEpiStem,Graziano Martello,PADOVA,1,Starting Grants,2016,1498232.0
725268,DissectPcG,Diego Pasini,MILANO,1,Consolidator Grants,2016,2000000.0
282280,ERMITO,Luca Scorrano,PADOVA,1,Starting Grants,2011,1499995.2
260368,ROMA,Sabrina Sabatini,"ROMA ""La Sapienza""",1,Starting Grants,2010,1475999.2
101163480,CODE-HEART,Carolina Greco,HUMANITAS University,1,Starting Grants,2024,1721063.0
101164006,GLP1RES,Elisa Araldi,PARMA,1,Starting Grants,2024,1500000.0
101163219,IDENTIKIT,Irene Franco,S. Raffaele MILANO,1,Starting Grants,2024,1500000.0
101115959,Novel.CaRe,Paola Cattaneo,MILANO,1,Starting Grants,2023,1592281.0
101126135,CONNASHION,Donato Inverso,S. Raffaele MILANO,1,Consolidator Grants,2023,1741250.0
101098074,CHARTAGING,Stefano Piccolo,PADOVA,1,Advanced Grants,2022,2811871.0
101045285,AUTO-SELECT,Carmine Settembre,Napoli Federico II,1,Consolidator Grants,2021,1993750.0
963865,MELASTOP,Massimo Santoro,PADOVA,1,Proof of Concept,2020,150000.0
101001746,Mini-HEART,Milena Bellin,PADOVA,1,Consolidator Grants,2020,2000000.0
101019891,SIMPOSION,Paola Romagnani,FIRENZE,1,Advanced Grants,2020,2296900.0
853057,InflaPML,Carlotta Giorgi,FERRARA,1,Starting Grants,2019,1462500.0
759921,SymPAtHY,Daniela Carnevale,"ROMA ""La Sapienza""",1,Starting Grants,2017,1497831.0
647057,rEnDOx,Massimo Santoro,PADOVA,1,Consolidator Grants,2014,1999827.0
648274,RENOIR,Paola Romagnani,FIRENZE,1,Consolidator Grants,2014,1772718.75
670126,DENOVOSTEM,Stefano Piccolo,PADOVA,1,Advanced Grants,2014,2498934.0
324621,ALKVAX, ,TORINO,1,Proof of Concept,2012,149938.96
322977,WAYS,Adriana Caterina Elvira Maggi,MILANO,1,Advanced Grants,2012,1445381.0
242965,LUNELY,Roberto Chiarle,TORINO,1,Starting Grants,2009,1010000.0
101075848,FLEXIN,Katja Reinhard,SISSA - TRIESTE,1,Starting Grants,2022,1544651.0
101088207,REDIRECT,Miriam Melis,CAGLIARI,1,Consolidator Grants,2022,1999138.0
101043003,IMPACT,Simona Lodato,HUMANITAS University,1,Starting Grants,2021,1490000.0
957538,FUTURE-NHP,Luca Bonini,PARMA,1,Proof of Concept,2020,150000.0
101002704,EMACTIVE,Luca Bonini,PARMA,1,Consolidator Grants,2020,1999231.0
875031,SMARTLABCAM,Davide Zoccolan,SISSA - TRIESTE,1,Proof of Concept,2019,150000.0
737609,NEUROMICRONICA,Mathew Ernest Diamond,SISSA - TRIESTE,1,Proof of Concept,2016,150000.0
742436,HD-DittoGraph,Elena Cattaneo,MILANO,1,Advanced Grants,2016,2040943.0
678307,WIRELESS,Luca Bonini,PARMA,1,Starting Grants,2015,1499338.0
648734,HUMO,Aldo Genovesio,"ROMA ""La Sapienza""",1,Consolidator Grants,2014,1028750.0
616803,LEARN2SEE,Davide Franco Zoccolan,SISSA - TRIESTE,1,Consolidator Grants,2013,2000000.0
281072,RSSCEMSR,Benedetto Sacchetti,TORINO,1,Starting Grants,2011,1116000.0
294498,CONCEPT,Mathew Diamond,SISSA - TRIESTE,1,Advanced Grants,2011,2500000.0
250013,Cogsystems,Giacomo Rizzolatti,PARMA,1,Advanced Grants,2009,1992000.0
101170262,AUTO-T-NERVES,Daniela Latorre,S. Raffaele MILANO,1,Consolidator Grants,2024,2000000.0
101116224,GREMLIN,Marco De Giovanni,S. Raffaele MILANO,1,Starting Grants,2023,1500000.0
101141363,EUCLIDEAN,Matteo Iannacone,S. Raffaele MILANO,1,Advanced Grants,2023,2500000.0
101069397,NeutrAD,Gabriela Constantin,VERONA,1,Proof of Concept,2022,150000.0
853179,SYNVIVO,Giulia Pasqual,PADOVA,1,Starting Grants,2019,1500000.0
899770,MOBILISE,Antonella Viola,PADOVA,1,Proof of Concept,2019,150000.0
693606,IMPEDE,Gabriela Constantin,VERONA,1,Proof of Concept,2015,150000.0
695714,IMMUNOALZHEIMER,Gabriela Constantin,VERONA,1,Advanced Grants,2015,2500000.0
615735,HomeoGUT,Maria Rescigno,HUMANITAS University,1,Consolidator Grants,2013,2000000.0
322823,STePS,Antonella Viola,PADOVA,1,Advanced Grants,2012,2350342.0
281648,IVM-VIRUS-nAb,Matteo Iannacone,S. Raffaele MILANO,1,Starting Grants,2011,1934200.0
261079,NEUROTRAFFICKING,Gabriela Constantin,VERONA,1,Starting Grants,2010,1199880.0
101163870,eHSCT,Attya Omer,S. Raffaele MILANO,1,Starting Grants,2024,1500000.0
101163931,GLIOMERS,Alessio Malfanti,PADOVA,1,Starting Grants,2024,1498175.0
101170780,HEPAGENE,Alessio Cantore,S. Raffaele MILANO,1,Consolidator Grants,2024,1993750.0
101117893,METABALANCANCER,Claudio Vernieri,MILANO,1,Starting Grants,2023,1499250.0
101158288,easi-IPMN,Renato Ostuni,S. Raffaele MILANO,1,Proof of Concept,2023,150000.0
101123230,MYELOMA-RISK,Niccolo Bolli,MILANO,1,Proof of Concept,2023,150000.0
101123346,reMARK-AML,Maria Paola Martelli,PERUGIA,1,Proof of Concept,2023,150000.0
101078646,REACT-DC,Marco Gargaro,PERUGIA,1,Starting Grants,2022,1500000.0
101081529,AI CUrES,Valentina Cauda,Politecnico di TORINO,1,Proof of Concept,2022,150000.0
101069395,TREM2MICROENGINES,Alessandra Biffi,PADOVA,1,Proof of Concept,2022,150000.0
101086988,MAMELI,Valentina Bollati,MILANO,1,Consolidator Grants,2022,2993251.0
101088887,MEFHISTO,Renato Ostuni,S. Raffaele MILANO,1,Consolidator Grants,2022,2000000.0
101055300,ReprOids,Nicola Elvassore,PADOVA,1,Advanced Grants,2021,2500000.0
101055262,TARGETNMDs,Alessandra Biffi,PADOVA,1,Advanced Grants,2021,2495250.0
957563,XtraUS,Valentina Cauda,Politecnico di TORINO,1,Proof of Concept,2020,150000.0
101019289,Holo-GT,Michele De Luca,MODENA e REGGIO EMILIA,1,Advanced Grants,2020,2462375.0
101020342,TARGET,Alberto Bardelli,TORINO,1,Advanced Grants,2020,2489232.0
850936,PANDORA,Loris Rizzello,MILANO,1,Starting Grants,2019,1495018.0
899727,DUPDOWN,Giuseppe Testa,MILANO,1,Proof of Concept,2019,150000.0
899838,ENHANCIDO,Ursula Grohmann,PERUGIA,1,Proof of Concept,2019,150000.0
813223,inSight,Enrico Maria Surace,Napoli Federico II,1,Proof of Concept,2018,150000.0
813099,MicroTher,Luigina Romani,PERUGIA,1,Proof of Concept,2018,150000.0
817997,bECOMiNG,Niccolo Bolli,MILANO,1,Consolidator Grants,2018,1998781.0
835286,SCOPE,Pierangelo Geppetti,FIRENZE,1,Advanced Grants,2018,2185921.0
834634,VACCIBIOME,Guido Grandi,TRENTO,1,Advanced Grants,2018,2450000.0
780807,DIDO-MS,Ursula Grohmann Carmignani,PERUGIA,1,Proof of Concept,2017,150000.0
780417,OMVCRC,Guido Grandi,TRENTO,1,Proof of Concept,2017,150000.0
780386,VERA,Valentina Bollati,MILANO,1,Proof of Concept,2017,149939.0
772970,MicroC,Francesca Meteora Buffa,Bocconi MILANO,1,Consolidator Grants,2017,1996325.0
727313,AB-SWITCH,Francesco Ricci,"ROMA ""Tor Vergata""",1,Proof of Concept,2016,150000.0
724748,BEAT,Andrea Bertotti,TORINO,1,Consolidator Grants,2016,1793421.0
725725,ContraNPM1AML,Maria Paola Martelli,PERUGIA,1,Consolidator Grants,2016,1883749.68
740230,TREAT-NPM1-AML,Brunangelo Falini,PERUGIA,1,Advanced Grants,2016,2895836.0
678151,TROJANANOHORSE,Valentina Alice Cauda,Politecnico di TORINO,1,Starting Grants,2015,1489219.0
680766,FAST-DEVELOPS,Roberto Testi,"ROMA ""Tor Vergata""",1,Proof of Concept,2015,150000.0
713652,LSDiASD,Giuseppe Testa,MILANO,1,Proof of Concept,2015,145250.0
639548,STARS,Monica Dentice,Napoli Federico II,1,Starting Grants,2014,1310000.0
640955,A CACTUS,Giacinto Scoles,UDINE,1,Proof of Concept,2014,149875.0
669387,EU-rhythmy,Silvia Giuliana Priori,PAVIA,1,Advanced Grants,2014,2314029.0
336493,NATURE NANODEVICES,Francesco Ricci,"ROMA ""Tor Vergata""",1,Starting Grants,2013,1458600.0
616441,DISEASEAVATARS,Giuseppe Testa,MILANO,1,Consolidator Grants,2013,1997804.0
617978,FIGHT-CANCER,Massimiliano Pagani,MILANO,1,Consolidator Grants,2013,1998000.0
617471,Hairy Cell Leukemia,Enrico Tiacci,PERUGIA,1,Consolidator Grants,2013,2000000.0
615879,HIV LTR G-4,Sara Richter,PADOVA,1,Consolidator Grants,2013,1989471.0
617162,HSCsforLSDbrain,Alessandra Biffi,PADOVA,1,Consolidator Grants,2013,1751147.0
338954,DIDO,Ursula Grohmann,PERUGIA,1,Advanced Grants,2013,2442078.0
340915,OMVac,Guido Grandi,TRENTO,1,Advanced Grants,2013,2612828.0
340060,ONCOLYTIC-HERPES,Maria Gabriella Campadelli,BOLOGNA,1,Advanced Grants,2013,2477346.0
338999,TRANSLATE,Stefano Biffo,MILANO,1,Advanced Grants,2013,2496000.0
280611,RegeneratioNfix,Graziella Messina,MILANO,1,Starting Grants,2011,1386945.0
282413,SPHERE,Valentina Bollati,MILANO,1,Starting Grants,2011,1444742.0
293699,FAST,Roberto Testi,"ROMA ""Tor Vergata""",1,Advanced Grants,2011,1496200.0
293714,FunMeta,Luigina Romani,PERUGIA,1,Advanced Grants,2011,2299200.0
260888,CBCD,Enza Maria Valente,PAVIA,1,Starting Grants,2010,1367960.0
261178,CGT hemophilia A,Antonia Follenzi,PIEMONTE ORIENTALE,1,Starting Grants,2010,1123000.0
269022,i-MIRNOME,Sergio Abrignani,MILANO,1,Advanced Grants,2010,2496000.0
269051,QUIDPROQUO,"Giacinto Scoles, Giuseppe Toffoli","UDINE,UDINE",2,Advanced Grants,2010,2979700.0
249845,TARGETINGGENETHERAPY,Luigi Naldini,S. Raffaele MILANO,1,Advanced Grants,2009,2500000.0
101163496,FEEDRES,Camilla Sguotti,PADOVA,1,Starting Grants,2024,1377554.0
101115960,EcoMEMO,Alberto Canarini,BOLOGNA,1,Starting Grants,2023,1451568.0
101045015,microTOUCH,Nicola Segata,TRENTO,1,Consolidator Grants,2021,2394779.0
772284,IceCommunities,Gentile Francesco Ficetola,MILANO,1,Consolidator Grants,2017,1845773.0
716575,MetaPG,Nicola Segata,TRENTO,1,Starting Grants,2016,1499482.0
682394,NIRV_HOST_INT,Mariangela Bonizzoni,PAVIA,1,Consolidator Grants,2015,1686875.0
101077714,COnNect,Cecilia Laterza,PADOVA,1,Starting Grants,2022,1500000.0
101053983,GrInSun,Roberto Bassi,VERONA,1,Advanced Grants,2021,2418313.0
950050,PREDICT-CARE,Pedro Miguel Mena Parreño,PARMA,1,Starting Grants,2020,2309518.0
966841,TICK,Anna Moroni,MILANO,1,Proof of Concept,2020,150000.0
875429,ASTEASY,Matteo Ballottari,VERONA,1,Proof of Concept,2019,150000.0
875129,BREAK,Anna Moroni,MILANO,1,Proof of Concept,2019,150000.0
825936,ASTAOMEGA,Matteo Ballottari,VERONA,1,Proof of Concept,2018,149955.0
842429,LaunTeNaBio,Irene Ricci,CAMERINO,1,Proof of Concept,2018,149685.0
679814,SOLENALGAE,Matteo Ballottari,VERONA,1,Starting Grants,2015,1441875.0
695078,noMAGIC,Anna Moroni,MILANO,1,Advanced Grants,2015,2409209.0
309485,BioLEAP,Tomas Morosinotto,PADOVA,1,Starting Grants,2012,1257600.0
281222,SymbioVec,Irene Ricci,CAMERINO,1,Starting Grants,2011,1500000.0
294780,NOVABREED,Michele Morgante,UDINE,1,Advanced Grants,2011,2473500.0
260963,FLARE,Fabio Fornara,MILANO,1,Starting Grants,2010,1499880.0
233083,FUEL-PATH,Felice Cervone,"ROMA ""La Sapienza""",1,Advanced Grants,2008,2099600.0
101165368,MAGNETIC,Alessandro Pigati,Bocconi MILANO,1,Starting Grants,2024,1420400.0
101169953,RISE,Guido De Philippis,PADOVA,1,Consolidator Grants,2024,1655000.0
101200514,OPTiMiSE,Giuseppe Savaré,Bocconi MILANO,1,Advanced Grants,2024,2186890.0
101114995,ALcHyMiA,Elena Gaburro,VERONA,1,Starting Grants,2023,1500000.0
101117299,MaTCh,Serena Cenatiempo,Gran Sasso Science Institute,1,Starting Grants,2023,1499004.0
101124349,GENERATE,Andrea Seppi,TORINO,1,Consolidator Grants,2023,1676870.0
101124921,GUnDHam,Alberto Maspero,SISSA - TRIESTE,1,Consolidator Grants,2023,1444033.0
101125162,KiLiM,Sergio Simonella,"ROMA ""La Sapienza""",1,Consolidator Grants,2023,1396400.0
101125012,SiGMA,Eleonora Di Nezza,"ROMA ""Tor Vergata""",1,Consolidator Grants,2023,1236738.0
101076411,ANGEVA,Antonio De Rosa,Bocconi MILANO,1,Starting Grants,2022,1492700.0
101078057,ConFine,Adolfo Arroyo Rabasa,PISA,1,Starting Grants,2022,1439816.0
101077154,DAT,Martino Lupini,BOLOGNA,1,Starting Grants,2022,989395.0
101076564,PrSc-HDBayLe,Giacomo Zanella,Bocconi MILANO,1,Starting Grants,2022,1488673.0
101069319,ARGOS,Gianluigi Rozza,SISSA - TRIESTE,1,Proof of Concept,2022,150000.0
101095900,TriCatApp,Amnon Neeman,MILANO,1,Advanced Grants,2022,1042645.0
101041064,BigBayesUQ,Botond Szabo,Bocconi MILANO,1,Starting Grants,2021,1492750.0
101040991,FermiMath,Niels Patriz Benedikter,MILANO,1,Starting Grants,2021,1306637.0
101039762,HamDyWWa,Riccardo Montalto,MILANO,1,Starting Grants,2021,1268106.0
101041040,SAMPDE,Giovanni S. Alberti,GENOVA,1,Starting Grants,2021,1153125.0
101053472,NoisyFluid,Franco Flandoli,Scuola Normale Superiore di PISA,1,Advanced Grants,2021,1785875.0
947923,CHANGE,Alessandro Carlotto,TRENTO,1,Starting Grants,2020,1342500.0
945655,GeoSub,Luca Rizzi,SISSA - TRIESTE,1,Starting Grants,2020,1171465.0
853404,VAREG,Bozhidar Velichkov,PISA,1,Starting Grants,2019,1330325.0
802901,MaMBoQ,Marcello Porta,SISSA - TRIESTE,1,Starting Grants,2018,982625.0
817257,NBEB-SSP,Stefano Favaro,TORINO,1,Consolidator Grants,2018,982930.0
759229,HiCoS,Emanuele Spadaro,"ROMA ""La Sapienza""",1,Starting Grants,2017,1341250.0
771507,StabCondEn,Paolo Stellari,MILANO,1,Consolidator Grants,2017,785866.0
724939,UniCoSM,Alessandro Giuliani,ROMA TRE,1,Consolidator Grants,2016,1235875.0
740132,iHEART,Alfio Maria Quarteroni,Politecnico di MILANO,1,Advanced Grants,2016,2351544.0
677793,StableChaoticPlanetM,Gabriella Pinzari,PADOVA,1,Starting Grants,2015,900000.0
681447,AROMA-CFD,Gianluigi Rozza,SISSA - TRIESTE,1,Consolidator Grants,2015,1656579.0
681162,CAVE,Lourenco Beirao Da Veiga,MILANO-BICOCCA,1,Consolidator Grants,2015,980634.0
669240,QUEST,Roberto Longo,"ROMA ""Tor Vergata""",1,Advanced Grants,2014,1587500.0
616563,HIGEOM,Giancarlo Sangalli,PAVIA,1,Consolidator Grants,2013,928188.0
339958,COMPAT,Susanna Terracini,TORINO,1,Advanced Grants,2013,1346145.0
306414,HamPDEs,Michela Procesi,ROMA TRE,1,Starting Grants,2012,678000.0
306406,N-BNP,Igor Pruenster,Bocconi MILANO,1,Starting Grants,2012,957939.2
307119,StabAGDG,Jacopo Stoppa,SISSA - TRIESTE,1,Starting Grants,2012,511936.0
279558,DASTCO,Paul Joseph Wollan,"ROMA ""La Sapienza""",1,Starting Grants,2011,850000.0
277691,HEVO,Filippo Bracci,"ROMA ""Tor Vergata""",1,Starting Grants,2011,700000.0
277742,PASCAL,Domenico Marinucci,"ROMA ""Tor Vergata""",1,Starting Grants,2011,1193000.0
278267,STIMULUS,Michael Dumbser,TRENTO,1,Starting Grants,2011,918000.0
290888,QuaDynEvoPro,Gianni Dal Maso,SISSA - TRIESTE,1,Advanced Grants,2011,968500.0
256872,EntroPhase,Elisabetta Rocca,PAVIA,1,Starting Grants,2010,659784.88
267273,Diophantine Problems,Umberto Zannier,Scuola Normale Superiore di PISA,1,Advanced Grants,2010,928500.0
239694,CoMBoS,Alessandro Giuliani,ROMA TRE,1,Starting Grants,2009,650000.0
240385,ConLaws,Stefano Bianchini,SISSA - TRIESTE,1,Starting Grants,2009,422000.0
246923,GeMeThnES,Luigi Ambrosio,Scuola Normale Superiore di PISA,1,Advanced Grants,2009,749800.0
246953,MALADY,Carlangelo Liverani,"ROMA ""Tor Vergata""",1,Advanced Grants,2009,1372720.0
226234,AnTeGeFI,Nicola Fusco,Napoli Federico II,1,Advanced Grants,2008,600000.0
228217,FroM-PDE,Boris Dubrovin,SISSA - TRIESTE,1,Advanced Grants,2008,864000.0
227458,OACFT,Roberto Longo,"ROMA ""Tor Vergata""",1,Advanced Grants,2008,1044750.0
228032,PTRELSS,Fabio Martinelli,ROMA TRE,1,Advanced Grants,2008,1248067.0
204979,HamiltonianPDEs,Massimiliano Berti,Napoli Federico II,1,Starting Grants,2007,400000.0
207573,Vectorial Problems,Giuseppe Mingione,PARMA,1,Starting Grants,2007,500000.0
101164646,FORESEEING,Simona Colombelli,Napoli Federico II,1,Starting Grants,2024,1231718.0
101162816,OMEN,Giacomo Pozzi,PADOVA,1,Starting Grants,2024,2143975.0
101213818,MODEM,Manuele Faccenda,PADOVA,1,Proof of Concept,2024,150000.0
101170872,DEGAS,Sara Callegaro,BOLOGNA,1,Consolidator Grants,2024,1999401.0
101167761,MATRICs,Pietro Sternai,MILANO-BICOCCA,1,Consolidator Grants,2024,1999968.75
101199315,MADAM,Fabrizio Nestola,PADOVA,1,Advanced Grants,2024,3499978.0
101040600,HYQUAKE,Marco Maria Scuderi,"ROMA ""La Sapienza""",1,Starting Grants,2021,1462710.0
101041620,INHERIT,Martha Giovanna Pamato,PADOVA,1,Starting Grants,2021,1499758.0
948972,COEVOLVE,Donato Giovannelli,Napoli Federico II,1,Starting Grants,2020,2080438.0
948666,NaPuE,Monica Passananti,TORINO,1,Starting Grants,2020,1624751.0
864045,DeepSeep,Alberto Vitale Brovarone,BOLOGNA,1,Consolidator Grants,2019,2474368.0
802777,MONIFAULTS,Piero Poli,PADOVA,1,Starting Grants,2018,1393174.0
802414,WARMCOASTS,Alessio Rovere,"""Ca' Foscari"" VENEZIA",1,Starting Grants,2018,1499965.0
835012,TECTONIC,Chris Marone,"ROMA ""La Sapienza""",1,Advanced Grants,2018,3459750.0
758199,NEWTON,Manuele Faccenda,PADOVA,1,Starting Grants,2017,1466030.0
770999,DyNET,Gianluca Botter,PADOVA,1,Consolidator Grants,2017,1999758.0
714936,TRUE DEPTHS,Matteo Alvaro,PAVIA,1,Starting Grants,2016,1697500.0
612776,CHRONOS,Diego Perugini,PERUGIA,1,Consolidator Grants,2013,1993813.0
614705,NOFEAR,Giulio Di Toro,PADOVA,1,Consolidator Grants,2013,1963800.0
305377,BRIDGE,Alessandro Aiuppa,PALERMO,1,Starting Grants,2012,1496222.0
307322,INDIMEDEA,Fabrizio Nestola,PADOVA,1,Starting Grants,2012,1423464.1
267696,EARLYhumanIMPACT,Carlo Barbante,"""Ca' Foscari"" VENEZIA",1,Advanced Grants,2010,2370767.0
101171012,ELOW-DI,Giulia Grancini,PAVIA,1,Consolidator Grants,2024,1991250.0
101115925,EOS,Giuseppe Maria Paternò,Politecnico di MILANO,1,Starting Grants,2023,1500000.0
101116135,MiMETIC,Giorgio Ernesto Bonacchini,PADOVA,1,Starting Grants,2023,2216250.0
101124721,EpiC,Fabian Meder,Scuola Superiore Sant'Anna,1,Consolidator Grants,2023,1999625.0
101041229,JANUS BI,Teresa Gatti,Politecnico di TORINO,1,Starting Grants,2021,1500000.0
101040681,SUPER,Daniele Cortecchia,BOLOGNA,1,Starting Grants,2021,2474375.0
101043968,Multimech,Alessio Zaccone,MILANO,1,Consolidator Grants,2021,952785.0
101165230,ETQO,Ludovico Lami,Scuola Normale Superiore di PISA,1,Starting Grants,2024,1499850.0
101117510,AstroDarkLS,Andrea Caputo,"ROMA ""La Sapienza""",1,Starting Grants,2023,1500000.0
101114881,QUANTHEM,Lorenzo Piroli,BOLOGNA,1,Starting Grants,2023,1405750.0
101124288,CompleX,Valentina Sola,TORINO,1,Consolidator Grants,2023,1800926.0
101125112,HoloBoot,Massimo Taronna,Napoli Federico II,1,Consolidator Grants,2023,1996250.0
101126304,NOTIMEFORCOSMO,Guilherme Leite Pimentel,Scuola Normale Superiore di PISA,1,Consolidator Grants,2023,1610469.0
101076737,CeleBH,Laura Donnay,SISSA - TRIESTE,1,Starting Grants,2022,969334.0
101076129,QUAVADIS,Woo Jin Kwon,MILANO,1,Starting Grants,2022,1500000.0
101087663,DANAE,Marco Vignati,"ROMA ""La Sapienza""",1,Consolidator Grants,2022,2587500.0
101087295,RES-NOVA,Luca Pattavina,MILANO-BICOCCA,1,Consolidator Grants,2022,2661005.0
101040760,FFHiggsTop,Tiziano Peraro,BOLOGNA,1,Starting Grants,2021,1104218.75
101055319,Supersolids,Giovanni Modugno,FIRENZE,1,Advanced Grants,2021,2065000.0
950692,CosmicAntiNuclei,Francesca Bellini,BOLOGNA,1,Starting Grants,2020,1468625.0
949438,OrbiDynaMIQs,Francesco Scazza,TRIESTE,1,Starting Grants,2020,1412829.0
966623,DAPTOMIC,Francesco Saverio Pavone,FIRENZE,1,Proof of Concept,2020,150000.0
101001205,ASYMOW,Lorenzo Bianchini,PISA,1,Consolidator Grants,2020,1683750.0
101002207,QCDHighDensityCMS,Leticia Cunqueiro Mendez,"ROMA ""La Sapienza""",1,Consolidator Grants,2020,1731406.0
848411,AuDACE,Matteo Lucchini,Politecnico di MILANO,1,Starting Grants,2019,1466250.0
852016,SHADES,Andreas Best,Napoli Federico II,1,Starting Grants,2019,1346595.0
864583,NP-QFT,Francesco Benini,SISSA - TRIESTE,1,Consolidator Grants,2019,1552458.0
884676,QU-BOSS,Fabio Sciarrino,"ROMA ""La Sapienza""",1,Advanced Grants,2019,2875000.0
804305,StrEnQTh,Philipp Hans-Jürgen Hauke,TRENTO,1,Starting Grants,2018,1499563.0
825879,FLUO,Dario Polli,Politecnico di MILANO,1,Proof of Concept,2018,150000.0
818744,INITIUM,Elisabetta Baracchini,Gran Sasso Science Institute,1,Consolidator Grants,2018,1995719.0
758329,AGEnTh,Marcello Dalmonte,SISSA - TRIESTE,1,Starting Grants,2017,1055317.0
758903,CFT-MAP,Alessandro Vichi,PISA,1,Starting Grants,2017,1500000.0
757480,DarkGRA,Paolo Pani,"ROMA ""La Sapienza""",1,Starting Grants,2017,1337480.94
772099,JetDynamics,Simon David Badger,TORINO,1,Consolidator Grants,2017,1764478.0
771536,NEMO,Pasquale Calabrese,SISSA - TRIESTE,1,Consolidator Grants,2017,1521423.0
771642,SELDOM,Nicola Neri,MILANO,1,Consolidator Grants,2017,1933750.0
772126,TICTOCGRAV,Nicola Poli,FIRENZE,1,Consolidator Grants,2017,1999011.25
714788,REINVENT,Simone Alioli,MILANO-BICOCCA,1,Starting Grants,2016,1500000.0
754802,CHIMERA,Dario Polli,Politecnico di MILANO,1,Proof of Concept,2016,149375.0
740006,NNNPDF,Stefano Forte,MILANO,1,Advanced Grants,2016,1602862.0
693604,3D-COUNT,Fabio Sciarrino,"ROMA ""La Sapienza""",1,Proof of Concept,2015,150000.0
681647,ENUBET,Andrea Longhin,PADOVA,1,Consolidator Grants,2015,2000000.0
682629,TOPSIM,Leonardo Fallani,FIRENZE,1,Consolidator Grants,2015,1595000.0
692943,BrainBIT,Francesco Pavone,FIRENZE,1,Advanced Grants,2015,2370250.0
694925,LoTGlasSy,Giorgio Parisi,"ROMA ""La Sapienza""",1,Advanced Grants,2015,1760000.0
694683,PHOSPhOR,Lorenzo Marrucci,Napoli Federico II,1,Advanced Grants,2015,1680833.0
637844,HBQFTNCER,Sara Pasquetti,MILANO-BICOCCA,1,Starting Grants,2014,1287088.0
647981,3DSPIN,Alessandro Bacchetta,PAVIA,1,Consolidator Grants,2014,1509000.0
647390,EXPLORINGMATTER,Giulia Manca,CAGLIARI,1,Consolidator Grants,2014,1849957.0
649031,iMPACT,Piero Giubilato,PADOVA,1,Consolidator Grants,2014,1810000.0
648723,NPTEV-TQP2020,Lucio Cerrito,"ROMA ""Tor Vergata""",1,Consolidator Grants,2014,1971841.0
648615,VIBRA,Dario Polli,Politecnico di MILANO,1,Consolidator Grants,2014,1822500.0
669668,NEO-NAT,Alessandro Strumia,PISA,1,Advanced Grants,2014,1876215.3
307783,3D-QUEST,Fabio Sciarrino,"ROMA ""La Sapienza""",1,Starting Grants,2012,1474800.0
307286,XD-STRING,Alessandro Tomasiello,MILANO-BICOCCA,1,Starting Grants,2012,679200.0
279391,EDEQS,Pasquale Calabrese,SISSA - TRIESTE,1,Starting Grants,2011,1108000.0
259684,QGPDyn,Vincenzo Greco,CATANIA,1,Starting Grants,2010,655000.0
267985,DaMESyFla,Guido Martinelli,SISSA - TRIESTE,1,Advanced Grants,2010,1439400.0
267915,OPTINF,Riccardo Zecchina,Politecnico di TORINO,1,Advanced Grants,2010,1260104.92
267159,QGBE,Sandro Stringari,TRENTO,1,Advanced Grants,2010,1638560.0
247328,CriPheRaSy,Giorgio Parisi,"ROMA ""La Sapienza""",1,Advanced Grants,2009,2098800.0
227355,ELYCHE,Mauro Nisoli,Politecnico di MILANO,1,Advanced Grants,2008,2446200.0
101163391,CHIROLE,Claudia Fasolato,"ROMA ""La Sapienza""",1,Starting Grants,2024,1499544.0
101124606,3DCuT,Nicola Poccia,Napoli Federico II,2,Consolidator Grants,2023,1999712.5
101042349,NANOWHYR,Marta De Luca,"ROMA ""La Sapienza""",1,Starting Grants,2021,1499393.0
101053167,GLAXES,Giulio Monaco,PADOVA,1,Advanced Grants,2021,2499876.0
866127,CAPTUR3D,Francesco Cardarelli,Scuola Normale Superiore di PISA,1,Consolidator Grants,2019,1985750.0
866026,S-BaXIT,Pierre Thibault,TRIESTE,1,Consolidator Grants,2019,2212913.75
834615,SYGMA,Roberto Di Leonardo,"ROMA ""La Sapienza""",1,Advanced Grants,2018,2397500.0
759187,SOFTWATER,John Russo,"ROMA ""La Sapienza""",1,Starting Grants,2017,952561.0
758588,VARIAMOLS,Raffaello Potestio,TRENTO,1,Starting Grants,2017,1339351.0
780333,ADMIRE,Roberto Di Leonardo,"ROMA ""La Sapienza""",1,Proof of Concept,2017,150000.0
677513,BioMNP,Giulia Rossi,GENOVA,1,Starting Grants,2015,1131250.0
677488,INCEPT,Daniele Fausti,TRIESTE,1,Starting Grants,2015,1500000.0
679183,SPQRel,Rinaldo Trotta,"ROMA ""La Sapienza""",1,Starting Grants,2015,1499962.5
692670,FIRSTORM,Michele Fabrizio,SISSA - TRIESTE,1,Advanced Grants,2015,1422684.0
307940,SMART,Roberto Di Leonardo,"ROMA ""La Sapienza""",1,Starting Grants,2012,1448400.0
320796,MODPHYSFRICT,Erio Tosatti,SISSA - TRIESTE,1,Advanced Grants,2012,1550000.0
321122,SouLMan,Alessandro Tredicucci,PISA,1,Advanced Grants,2012,2180306.0
279004,DROEMU,Mauro Sbragaglia,"ROMA ""Tor Vergata""",1,Starting Grants,2011,1170923.64
267746,MolNanoMaS,Roberta Sessoli,FIRENZE,1,Advanced Grants,2010,2269200.0
240524,SUPERBAD,Massimo Capone,SISSA - TRIESTE,1,Starting Grants,2009,1000000.0
226207,PATCHYCOLLOIDS,Francesco Sciortino,"ROMA ""La Sapienza""",1,Advanced Grants,2008,1559159.99
207916,FEMTOSCOPY,Tullio Scopigno,"ROMA ""La Sapienza""",1,Starting Grants,2007,1544400.0
101163180,2D-PULSES,Giovanni Batignani,"ROMA ""La Sapienza""",1,Starting Grants,2024,1498750.0
101165168,CO-TRANS-NET,Simona Ranallo,"ROMA ""Tor Vergata""",1,Starting Grants,2024,1499750.0
101162875,MAtCHLESS,Riccardo Marin,"""Ca' Foscari"" VENEZIA",1,Starting Grants,2024,1500000.0
101166044,NEXUS,Gianluca Levi,TRIESTE,1,Starting Grants,2024,1499999.0
101117082,HYPMET,Gabriele Stevanato,PADOVA,1,Starting Grants,2023,1499968.75
101123123,HYPER,Giulia Fulvia Mancini,PAVIA,1,Proof of Concept,2023,150000.0
101077181,ULYSSES,Margherita Maiuri,Politecnico di MILANO,1,Starting Grants,2022,1497100.0
101081361,SEMISOFT,Michele Ceotto,MILANO,1,Proof of Concept,2022,150000.0
101068936,SPIKE,Giulia Grancini,PAVIA,1,Proof of Concept,2022,150000.0
101040798,CHEIR,Serena Arnaboldi,MILANO,1,Starting Grants,2021,1492004.0
101040197,QED-Spin,Enrico Ronca,PERUGIA,1,Starting Grants,2021,1499754.0
101052708,DELIGHT,Matteo Calandra,TRENTO,1,Advanced Grants,2021,2117141.0
851154,ULTRAIMAGE,Giulia Fulvia Mancini,PAVIA,1,Starting Grants,2019,1894577.0
802862,HY-NANO,Giulia Grancini,PAVIA,1,Starting Grants,2018,1499084.0
819644,BioDisOrder,Alfonso De Simone,Napoli Federico II,1,Consolidator Grants,2018,1999945.0
818776,DYNAPOL,Giovanni Maria Pavan,Politecnico di TORINO,1,Consolidator Grants,2018,1999623.0
818064,GEMS,Chiara Cappelli,Scuola Normale Superiore di PISA,1,Consolidator Grants,2018,1609500.0
819160,PRO-TOOLKITS,Francesco Ricci,"ROMA ""Tor Vergata""",1,Consolidator Grants,2018,1999375.0
786714,LIFETimeS,Benedetta Mennucci,PISA,1,Advanced Grants,2017,2400000.0
681285,TAME-Plasmons,Stefano Corni,PADOVA,1,Consolidator Grants,2015,1432890.0
665635,MISSION,Giulio Cerullo,Politecnico di MILANO,1,Proof of Concept,2014,149625.0
647107,SEMICOMPLEX,Michele Ceotto,MILANO,1,Consolidator Grants,2014,1899973.0
306662,S-RNA-S,Giovanni Bussi,SISSA - TRIESTE,1,Starting Grants,2012,1295700.0
277755,EnLight,Benedetta Mennucci,PISA,1,Starting Grants,2011,1300000.0
278560,QUENTRHEL,Elisabetta Collini,PADOVA,1,Starting Grants,2011,1479480.0
291198,STRATUS,"Giulio Cerullo, Marco Garavelli","Politecnico di MILANO,Politecnico di MILANO",2,Advanced Grants,2011,2493000.0
240624,MultiscaleChemBio,Leonardo Guidoni,"ROMA ""La Sapienza""",1,Starting Grants,2009,1200000.0
101138070,STORE-LIGHT,Ilka Kriegel,Politecnico di TORINO,1,Proof of Concept,2023,150000.0
101141690,PHOTOZYME,Paolo Melchiorre,BOLOGNA,1,Advanced Grants,2023,2945000.0
101077698,PhotoDark,Luka Dordevic,PADOVA,1,Starting Grants,2022,1494500.0
101039841,DEBUGGING-LPS,Flaviana Di Lorenzo,Napoli Federico II,1,Starting Grants,2021,1954308.0
101039890,ELECTRA,Mauro Perfetti,FIRENZE,1,Starting Grants,2021,1498784.0
101039578,PROTOMAT,Pierangelo Gobbo,TRIESTE,1,Starting Grants,2021,2097713.0
101040025,SYNPHOCAT,Luca Dell'Amico,PADOVA,1,Starting Grants,2021,1920260.0
949087,BioPoweredCL,Alessandro Aliprandi,PADOVA,1,Starting Grants,2020,1449750.0
966334,FREENERGY,Antonio Abate,Napoli Federico II,1,Proof of Concept,2020,150000.0
851356,GLYCOSWITCH,Roberta Marchetti,Napoli Federico II,1,Starting Grants,2019,1994117.0
865819,ANFIBIO,Laura Fabris,Politecnico di TORINO,1,Consolidator Grants,2019,2725510.0
804583,SusDrug,David Sarlah,PAVIA,1,Starting Grants,2018,1400000.0
758108,ERACHRON,Sara Sattin,MILANO,1,Starting Grants,2017,1500000.0
789815,MINIRES,Pierangelo Metrangolo,Politecnico di MILANO,1,Proof of Concept,2017,150000.0
780061,SiNBioSys,Paola Ceroni,BOLOGNA,1,Proof of Concept,2017,149937.5
692981,LEAPS,Alberto Credi,BOLOGNA,1,Advanced Grants,2015,2362950.0
640849,INSIGHT,Fabrizio Mancin,PADOVA,1,Proof of Concept,2014,150000.0
647020,BIOINOHYB,Cristiana Di Valentin,MILANO-BICOCCA,1,Consolidator Grants,2014,1748125.0
307108,FOLDHALO,Pierangelo Metrangolo,Politecnico di MILANO,1,Starting Grants,2012,1393000.0
320951,DREAMS,Vincenzo Barone,Scuola Normale Superiore di PISA,1,Advanced Grants,2012,2152600.0
278912,PhotoSi,Paola Ceroni,BOLOGNA,1,Starting Grants,2011,1182606.0
259014,MOSAIC,Fabrizio Mancin,PADOVA,1,Starting Grants,2010,1499000.0
239898,DYCOCA,Leonard Jan Prins,PADOVA,1,Starting Grants,2009,1400000.0
227135,CARBONANOBRIDGE,Maurizio Prato,TRIESTE,1,Advanced Grants,2008,2500000.0
101166056,beyond2,Sebastian Goldt,SISSA - TRIESTE,1,Starting Grants,2024,1499999.0
101165466,PLA-STEER,Andrea Celli,Bocconi MILANO,1,Starting Grants,2024,1316544.0
101116095,PERSONAE,Debora Nozza,Bocconi MILANO,1,Starting Grants,2023,1499775.0
101077455,ObfusQation,Giulio Malavolta,Bocconi MILANO,1,Starting Grants,2022,1458750.0
101039208,REGINDEX,Nicola Prezza,"""Ca' Foscari"" VENEZIA",1,Starting Grants,2021,1385743.0
949944,INTEGRATOR,Dirk Hovy,Bocconi MILANO,1,Starting Grants,2020,1498937.0
101019547,FGC,Alon Rosen,Bocconi MILANO,1,Advanced Grants,2020,2493750.0
802554,SPECGEO,Emanuele Rodola',"ROMA ""La Sapienza""",1,Starting Grants,2018,1434000.0
824939,AST,Leonardo Mariani,MILANO-BICOCCA,1,Proof of Concept,2018,150000.0
818616,DIAPASoN,Ugo Dal Lago,BOLOGNA,1,Consolidator Grants,2018,959562.0
819789,SLING,Lorenzo Rosasco,GENOVA,1,Consolidator Grants,2018,1977500.0
834861,SO-ReCoDi,Luca Trevisan,Bocconi MILANO,1,Advanced Grants,2018,1971805.0
834756,XAI,Fosca Giannotti,Scuola Normale Superiore di PISA,1,Advanced Grants,2018,2500000.0
788893,AMDROMA,Stefano Leonardi,"ROMA ""La Sapienza""",1,Advanced Grants,2017,1780150.0
726487,MOUSSE,Roberto Navigli,"ROMA ""La Sapienza""",1,Consolidator Grants,2016,1497250.0
680153,DMAP,Flavio Chierichetti,"ROMA ""La Sapienza""",1,Starting Grants,2015,1137500.0
693174,GeCo,Stefano Ceri,Politecnico di MILANO,1,Advanced Grants,2015,2500000.0
646867,Learn,Leonardo Mariani,MILANO-BICOCCA,1,Consolidator Grants,2014,1141875.0
297463,3DV, ,PARMA,1,Proof of Concept,2011,148061.0
291389,CME,Bertrand Philippe Meyer,Politecnico di MILANO,1,Advanced Grants,2011,2482957.16
291125,MULTITHERMAN,Luca Benini,BOLOGNA,1,Advanced Grants,2011,2483397.0
259234,MultiJEDI,Roberto Navigli,"ROMA ""La Sapienza""",1,Starting Grants,2010,1288400.0
267856,Lucretius,John Mylopoulos,TRENTO,1,Advanced Grants,2010,2462095.0
228045,OFAV,Alberto Broggi,PARMA,1,Advanced Grants,2008,1751066.54
227793,SeCo,Stefano Ceri,Politecnico di MILANO,1,Advanced Grants,2008,2500000.0
227977,SMScom,Carlo Ghezzi,Politecnico di MILANO,1,Advanced Grants,2008,2544156.0
101163668,flEAP,Giacomo Moretti,TRENTO,1,Starting Grants,2024,1486161.0
101164874,HyperMaSH,Stefano Luigi Oscurato,Napoli Federico II,1,Starting Grants,2024,1620500.0
101162939,I-BOT,Veronica Iacovacci,Scuola Superiore Sant'Anna,1,Starting Grants,2024,1497923.75
101162173,LOOP,Davide Pierangeli,"ROMA ""La Sapienza""",1,Starting Grants,2024,1499928.0
101163003,NEUROLIDAR,Filippo Pisano,PADOVA,1,Starting Grants,2024,1634825.0
101189508,NEURO2D,Daniele Ielmini,Politecnico di MILANO,1,Proof of Concept,2024,150000.0
101213190,SOFTINVADERS,Stefano Palagi,Scuola Superiore Sant'Anna,1,Proof of Concept,2024,150000.0
101189419,TurboEEG,Francesco Paolo Andriulli,Politecnico di TORINO,1,Proof of Concept,2024,150000.0
101169850,QNattyNet,Angela Sara Cacciapuoti,Napoli Federico II,1,Consolidator Grants,2024,1999531.0
101116257,CUE-GO,Anna Guerra,BOLOGNA,1,Starting Grants,2023,1055314.0
101116943,HERMES,Giulia Acconcia,Politecnico di MILANO,1,Starting Grants,2023,1500000.0
101117133,MALIN,Luca Calatroni,GENOVA,1,Starting Grants,2023,1432734.0
101116249,MUSE,Leonardo Cappello,Scuola Superiore Sant'Anna,1,Starting Grants,2023,1499160.0
101116856,ROBOFLUID,Vito Cacucciolo,Politecnico di BARI,1,Starting Grants,2023,1498750.0
101157307,MYTI,Christian Cipriani,Scuola Superiore Sant'Anna,1,Proof of Concept,2023,150000.0
101125923,QuNIm,Lucia Caspani,INSUBRIA,1,Consolidator Grants,2023,1979704.0
101141351,COMPACT,Alberto Bemporad,Scuola IMT Alti Studi LUCCA,1,Advanced Grants,2023,2499375.0
101139828,HYPERSPIM,Claudio Conti,"ROMA ""La Sapienza""",1,Advanced Grants,2023,2490000.0
101078411,FIND-OUT,Stefania Bartoletti,"ROMA ""Tor Vergata""",1,Starting Grants,2022,1019000.0
101076926,INSPIRE,Giulia Giordano,TRENTO,1,Starting Grants,2022,1500000.0
101077917,QOMUNE,Davide Bacco,FIRENZE,1,Starting Grants,2022,1498750.0
101081871,MULTIBRIDGE,Stefan Wabnitz,"ROMA ""La Sapienza""",1,Proof of Concept,2022,150000.0
101069279,PROCT,Paolo Fiorini,VERONA,1,Proof of Concept,2022,150000.0
101069299,SHANNON,Daniele Ielmini,Politecnico di MILANO,1,Proof of Concept,2022,150000.0
101045605,INcEPTION,Francesco Negro,BRESCIA,1,Consolidator Grants,2021,1999533.75
101054098,ANIMATE,Daniele Ielmini,Politecnico di MILANO,1,Advanced Grants,2021,2498868.0
948590,CELLOIDS,Stefano Palagi,Scuola Superiore Sant'Anna,1,Starting Grants,2020,1499375.0
963463,ALPI,Lorenzo Pavesi,TRENTO,1,Proof of Concept,2020,150000.0
966722,Preprint,Gianluca Fiori,PISA,1,Proof of Concept,2020,150000.0
963893,STIMBOY,Giovanni Di Pino,"Univ. ""Campus Bio-Medico"" di ROMA",1,Proof of Concept,2020,150000.0
875523,PROST,Paolo Fiorini,VERONA,1,Proof of Concept,2019,150000.0
874596,WAVESCOPE,Stefan Wabnitz,"ROMA ""La Sapienza""",1,Proof of Concept,2019,150000.0
842472,CIRCUS,Daniele Ielmini,Politecnico di MILANO,1,Proof of Concept,2018,149463.75
770047,PEP2D,Gianluca Fiori,PISA,1,Consolidator Grants,2017,1883868.0
788793,BACKUP,Lorenzo Pavesi,TRENTO,1,Advanced Grants,2017,2499825.0
724846,321,Francesco Paolo Andriulli,Politecnico di TORINO,1,Consolidator Grants,2016,2000000.0
742671,ARS,Paolo Fiorini,VERONA,1,Advanced Grants,2016,2750000.0
740355,STEMS,Stefan Wabnitz,"ROMA ""La Sapienza""",1,Advanced Grants,2016,2084180.82
679820,MYKI,Christian Cipriani,Scuola Superiore Sant'Anna,1,Starting Grants,2015,1475269.0
678908,RESHAPE,Giovanni Di Pino,"Univ. ""Campus Bio-Medico"" di ROMA",1,Starting Grants,2015,1490750.0
638992,OPT4SMART,Giuseppe Notarstefano,BOLOGNA,1,Starting Grants,2014,1488750.0
665421,ToothPic,Enrico Magli,Politecnico di TORINO,1,Proof of Concept,2014,149526.0
648635,RESCUE,Daniele Ielmini,Politecnico di MILANO,1,Consolidator Grants,2014,1998113.12
279848,CRISP,Enrico Magli,Politecnico di TORINO,1,Starting Grants,2011,1390000.0
240555,VISION,Dajana Cassioli,L'AQUILA,1,Starting Grants,2009,1173680.0
101163880,AMF,Luca Fortunato,Napoli Federico II,1,Starting Grants,2024,1412500.0
101162848,BREAKDOWN,Enrico Salvati,UDINE,1,Starting Grants,2024,1499954.0
101163330,E-Nucl,Mirko Gallo,"ROMA ""La Sapienza""",1,Starting Grants,2024,1499875.0
101165321,HYPOR,Aronne Dell'Oca,Politecnico di MILANO,1,Starting Grants,2024,1482520.0
101162753,PROTEGO,Giulia Luraghi,Politecnico di MILANO,1,Starting Grants,2024,1498295.0
101189358,AXESS,Francesco Topputo,Politecnico di MILANO,1,Proof of Concept,2024,150000.0
101188238,CATSYNEX,Gianvito Vile,Politecnico di MILANO,1,Proof of Concept,2024,150000.0
101188904,Core,Sara Bagherifard,Politecnico di MILANO,1,Proof of Concept,2024,150000.0
101213773,GINNY,Federico Bella,Politecnico di TORINO,1,Proof of Concept,2024,150000.0
101189244,NewOilFactory,Elena Simone,Politecnico di TORINO,1,Proof of Concept,2024,150000.0
101170592,MiGEM,Alessio Gizzi,"Univ. ""Campus Bio-Medico"" di ROMA",1,Consolidator Grants,2024,2000000.0
101114664,CIRCULARIZE,Alessandro Pellis,GENOVA,1,Starting Grants,2023,1500000.0
101115741,DANTE,Giovanni Stabile,Scuola Superiore Sant'Anna,1,Starting Grants,2023,1450560.0
101116811,MINIONS,Chiara Paganelli,Politecnico di MILANO,1,Starting Grants,2023,1487676.0
101117759,OriSha,Onelia Gagliano,PADOVA,1,Starting Grants,2023,1499633.0
101158013,ARACHNID,Elisa Cimetta,PADOVA,1,Proof of Concept,2023,150000.0
101158332,EMPATIC,Valeria Chiono,Politecnico di TORINO,1,Proof of Concept,2023,150000.0
101158039,hiPSCmore,Francesco Pasqualini,PAVIA,1,Proof of Concept,2023,150000.0
101123385,INCANT,Enrico Tronconi,Politecnico di MILANO,1,Proof of Concept,2023,150000.0
101123099,Smart Skin,Anna Maria Coclite,BARI,1,Proof of Concept,2023,150000.0
101126209,3D.FETOPRINT,Alessandro Filippo Maria Pellegata,Politecnico di MILANO,1,Consolidator Grants,2023,1972500.0
101125466,Epeius,Michele Conti,PAVIA,1,Consolidator Grants,2023,1991225.0
101140720,IMMENSE,Alberto Corigliano,Politecnico di MILANO,1,Advanced Grants,2023,2500000.0
101077146,EvOoC,Paola Occhetta,Politecnico di MILANO,1,Starting Grants,2022,2430625.0
101075903,LINING,Francesco Avallone,Politecnico di TORINO,1,Starting Grants,2022,1499069.0
101075832,SAC_2.0,Gianvito Vile,Politecnico di MILANO,1,Starting Grants,2022,1499681.0
101077758,TRACES,Fabio Ferrari,Politecnico di MILANO,1,Starting Grants,2022,1499750.0
101112677,CATALYSE,Matteo Maestri,Politecnico di MILANO,1,Proof of Concept,2022,150000.0
101112725,GUIDO,Francesco Topputo,Politecnico di MILANO,1,Proof of Concept,2022,150000.0
101069181,LEILA,Paola Saccomandi,Politecnico di MILANO,1,Proof of Concept,2022,150000.0
101068512,NICHILD,Manuela Teresa Raimondi,Politecnico di MILANO,1,Proof of Concept,2022,150000.0
101059685,NODRY,Alberto Giacomello,"ROMA ""La Sapienza""",1,Proof of Concept,2022,150000.0
101069171,PANTANI,Matteo Passoni,Politecnico di MILANO,1,Proof of Concept,2022,150000.0
101113522,POLIRNA,Valeria Chiono,Politecnico di TORINO,1,Proof of Concept,2022,150000.0
101113125,PROMETEO,Carmen Giordano,Politecnico di MILANO,1,Proof of Concept,2022,150000.0
101113345,PYPAINT,Carlo Spartaco Casari,Politecnico di MILANO,1,Proof of Concept,2022,150000.0
101069172,SENSE,Francesco Topputo,Politecnico di MILANO,1,Proof of Concept,2022,150000.0
101069436,Stripe-o-Morph,Antonio Desimone,SISSA - TRIESTE,1,Proof of Concept,2022,150000.0
101061820,TCOtronics,Francesco Scotognella,"Politecnico di MILANO,Politecnico di TORINO",2,Proof of Concept,2022,150000.0
101088694,BREATHE,Tommaso Andreussi,Scuola Superiore Sant'Anna,1,Consolidator Grants,2022,2344135.0
101089265,GREEN SPECIES,Camilla Colombo,Politecnico di MILANO,1,Consolidator Grants,2022,1999398.0
101086644,S-FOAM,Diego Misseroni,TRENTO,1,Consolidator Grants,2022,1930096.0
101093897,ButterFly,Filippo Berto,"ROMA ""La Sapienza""",1,Advanced Grants,2022,2499811.0
101039657,CARDIOTRIALS,Francesco Viola,Gran Sasso Science Institute,1,Starting Grants,2021,1499423.0
101039467,CoDe4Bio,Giulia Scalet,PAVIA,1,Starting Grants,2021,1495100.0
101041255,HELIOS,Anna Laura Pisello,PERUGIA,1,Starting Grants,2021,1498125.0
101040383,NoOne,Eleonora Macchia,BARI,1,Starting Grants,2021,2499579.0
101039198,SURFACE,Antonio Papangelo,Politecnico di BARI,1,Starting Grants,2021,1499750.0
101044228,ArcHIDep,Sara Bagherifard,Politecnico di MILANO,1,Consolidator Grants,2021,1998000.0
101053122,BEACONSANDEGG,Manuela Teresa Raimondi,Politecnico di MILANO,1,Advanced Grants,2021,2498690.0
101052956,Beyond,Davide Bigoni,TRENTO,1,Advanced Grants,2021,2476084.0
101053309,NABUCCO,Chiara Bisagni,Politecnico di MILANO,1,Advanced Grants,2021,2342038.0
948225,B3YOND,Edoardo Albisetti,Politecnico di MILANO,1,Starting Grants,2020,1498385.0
949916,CO2CAP,Andrea Lamberti,Politecnico di TORINO,1,Starting Grants,2020,1497500.0
949229,CryForm,Elena Simone,Politecnico di TORINO,1,Starting Grants,2020,1963562.0
949388,PhyCo,Luca Magri,Politecnico di TORINO,1,Starting Grants,2020,1500000.0
948769,SuN2rise,Federico Bella,Politecnico di TORINO,1,Starting Grants,2020,1498750.0
966725,INSTANT,Enrico Tronconi,Politecnico di MILANO,1,Proof of Concept,2020,150000.0
966758,SPECTROKIN,Matteo Maestri,Politecnico di MILANO,1,Proof of Concept,2020,150000.0
101002724,RIDING,Agnese Seminara,GENOVA,1,Consolidator Grants,2020,1973485.0
850437,PRE-ECO,Alfonso Pagani,Politecnico di TORINO,1,Starting Grants,2019,1477901.0
852560,SYNBIO.ECM,Francesco Pasqualini,PAVIA,1,Starting Grants,2019,1999375.0
899431,DIANA,Carmen Giordano,Politecnico di MILANO,1,Proof of Concept,2019,150000.0
875183,IDEAL DRONE,Gian Paolo Cimellaro,Politecnico di TORINO,1,Proof of Concept,2019,150000.0
875268,PROTECHT,Carlo Spartaco Casari,Politecnico di MILANO,1,Proof of Concept,2019,150000.0
875015,PROVA,Alberto Guardone,Politecnico di MILANO,1,Proof of Concept,2019,150000.0
864697,EXTREMA,Francesco Topputo,Politecnico di MILANO,1,Consolidator Grants,2019,1972837.0
865633,SLIDE,Maria Clelia Righi,BOLOGNA,1,Consolidator Grants,2019,1403662.0
882340,Smart-TURB,Luca Biferale,"ROMA ""Tor Vergata""",1,Advanced Grants,2019,2248875.0
803213,HyGate,Alberto Giacomello,"ROMA ""La Sapienza""",1,Starting Grants,2018,1496250.0
841640,METADESIGN,Stefano Zapperi,MILANO,1,Proof of Concept,2018,149752.5
825159,MOAB,Manuela Teresa Raimondi,Politecnico di MILANO,1,Proof of Concept,2018,150000.0
816313,PAIDEIA,Francesco Scotognella,Politecnico di TORINO,1,Consolidator Grants,2018,1815445.0
759159,LASER OPTIMAL,Paola Saccomandi,Politecnico di MILANO,1,Starting Grants,2017,1499575.0
759467,MICRONEX,Elisa Cimetta,PADOVA,1,Starting Grants,2017,1446250.0
779751,INVICTUS,Carlo Massimo Casciola,"ROMA ""La Sapienza""",1,Proof of Concept,2017,150000.0
772168,BIORECAR,Valeria Chiono,Politecnico di TORINO,1,Consolidator Grants,2017,2000000.0
727261,IDEAL SENSOR,Gian Paolo Cimellaro,Politecnico di TORINO,1,Proof of Concept,2016,150000.0
754916,INTER,Matteo Passoni,Politecnico di MILANO,1,Proof of Concept,2016,149375.0
754467,NICHOIDS,Manuela Teresa Raimondi,Politecnico di MILANO,1,Proof of Concept,2016,150000.0
737447,PHYSIC,Marco Paggi,Scuola IMT Alti Studi LUCCA,1,Proof of Concept,2016,149500.0
724610,EspLORE,Carlo Spartaco Casari,Politecnico di MILANO,1,Consolidator Grants,2016,1981875.0
724734,MINERVA,Carmen Giordano,Politecnico di MILANO,1,Consolidator Grants,2016,1999194.0
741273,THUNDERR,Giovanni Solari,GENOVA,1,Advanced Grants,2016,2236161.66
679086,COMPASS,Camilla Colombo,Politecnico di MILANO,1,Starting Grants,2015,1499020.97
677423,SHAPE,Matteo Maestri,Politecnico di MILANO,1,Starting Grants,2015,1496250.0
693670,SILKENE,Nicola Maria Mario Pugno,TRENTO,1,Proof of Concept,2015,149943.75
681798,BOOST,Chiara Silvia Vitale Brovarone,Politecnico di TORINO,1,Consolidator Grants,2015,1977500.0
681813,FricLess,Lucia Nicola,PADOVA,1,Consolidator Grants,2015,1999985.0
694910,INTENT,Enrico Tronconi,Politecnico di MILANO,1,Advanced Grants,2015,2484648.0
637842,IDEal reSCUE,Gian Paolo Cimellaro,Politecnico di TORINO,1,Starting Grants,2014,1271138.0
639495,INTHERM,Alberto Fina,Politecnico di TORINO,1,Starting Grants,2014,1404132.0
647554,ENSURE,Matteo Passoni,Politecnico di MILANO,1,Consolidator Grants,2014,1887500.0
646990,NICHOID,Manuela Teresa Raimondi,Politecnico di MILANO,1,Consolidator Grants,2014,1903330.0
632277,KNOTOUGH, ,TRENTO,1,Proof of Concept,2013,149490.0
619448,REPLICA2, ,TRENTO,1,Proof of Concept,2013,147000.0
617603,NSHOCK,Alberto Guardone,Politecnico di MILANO,1,Consolidator Grants,2013,1485600.0
617972,StruBa,Angelo Simone,PADOVA,1,Consolidator Grants,2013,1968053.0
339446,BIC,Carlo Massimo Casciola,"ROMA ""La Sapienza""",1,Advanced Grants,2013,2491200.0
340561,INSTABILITIES,Davide Bigoni,TRENTO,1,Advanced Grants,2013,2379359.0
340685,MicroMotility,Antonio De Simone,SISSA - TRIESTE,1,Advanced Grants,2013,1302270.0
339032,NewTURB,Luca Biferale,"ROMA ""Tor Vergata""",1,Advanced Grants,2013,1986000.0
306622,CA2PVM,Marco Paggi,Scuola IMT Alti Studi LUCCA,1,Starting Grants,2012,1483980.0
308261,MORPHOSIS,Giulia Lanzara,ROMA TRE,1,Starting Grants,2012,1664600.0
306357,NANO-JETS,Dario Pisignano,SALENTO,1,Starting Grants,2012,1491823.0
279985,BIHSNAM,Nicola Pugno,TRENTO,1,Starting Grants,2011,1004400.0
291002,SIZEFFECTS,Stefano Zapperi,MILANO,1,Advanced Grants,2011,2500000.0
259229,ISOBIO,Alessandro Reali,PAVIA,1,Starting Grants,2010,1195200.0
101169773,BELOVED,Annalisa Bonafede,BOLOGNA,1,Consolidator Grants,2024,1856133.0
101116226,GalFlow,Mattia Carlo Sormani,INSUBRIA,1,Starting Grants,2023,1499281.0
101117455,TREASURES,Ása Skúladóttir,FIRENZE,1,Starting Grants,2023,1500000.0
101142079,PINGU,Alberto Sesana,MILANO-BICOCCA,1,Advanced Grants,2023,2291444.0
101141533,SWIM,Elena Pettinelli,ROMA TRE,1,Advanced Grants,2023,3176790.0
101076080,Red Cardinal,Sirio Belli,BOLOGNA,1,Starting Grants,2022,1270668.0
101076613,UNVEIL,Stefano Facchini,MILANO,1,Starting Grants,2022,1498850.0
101086804,BlackHoleWeather,Massimo Gaspari,MODENA e REGGIO EMILIA,1,Consolidator Grants,2022,1999956.0
101096035,POLOCALC,Federico Nati,MILANO-BICOCCA,1,Advanced Grants,2022,2418281.0
101039651,DiscEvol,Giovanni Rosotti,MILANO,1,Starting Grants,2021,1495755.0
101040751,MW-WINDS,Enrico Di Teodoro,FIRENZE,1,Starting Grants,2021,1026250.0
101040227,WINGS,Stefano Carniani,Scuola Normale Superiore di PISA,1,Starting Grants,2021,1199519.0
945155,GWmining,Davide Gerosa,MILANO-BICOCCA,1,Starting Grants,2020,1499917.0
101002761,BHianca,Eleonora Troja,"ROMA ""Tor Vergata""",1,Consolidator Grants,2020,1974000.0
864361,CosmicWeb,Sebastiano Cantalupo,MILANO-BICOCCA,1,Consolidator Grants,2019,2000000.0
804240,NEFERTITI,Stefania Salvadori,FIRENZE,1,Starting Grants,2018,1180813.0
818691,B Massive,Alberto Sesana,MILANO-BICOCCA,1,Consolidator Grants,2018,1532750.0
815673,GRAMS,Enrico Barausse,SISSA - TRIESTE,1,Consolidator Grants,2018,1993920.0
757535,FEEDGALAXIES,Michele Fumagalli,MILANO-BICOCCA,1,Starting Grants,2017,1499557.0
772293,Asterochronometry,Andrea Miglio,BOLOGNA,1,Consolidator Grants,2017,1958863.0
716762,ClustersXCosmo,Alexandro Saro,TRIESTE,1,Starting Grants,2016,1230403.0
714245,DRANOEL,Annalisa Bonafede,BOLOGNA,1,Starting Grants,2016,1496250.0
716082,GALFOR,Antonino Milone,PADOVA,1,Starting Grants,2016,717246.0
714196,MAGCOW,Franco Vazza,BOLOGNA,1,Starting Grants,2016,1465943.0
740120,INTERSTELLAR,Andrea Ferrara,Scuola Normale Superiore di PISA,1,Advanced Grants,2016,2151875.0
638809,AIDA,Andrei Albert Mesinger,Scuola Normale Superiore di PISA,1,Starting Grants,2014,1468750.0
615604,STARKEY,Paola Marigo,PADOVA,1,Consolidator Grants,2013,1930628.0
291521,DARKLIGHT,Luigi Guzzo,MILANO,1,Advanced Grants,2011,1723600.0
259349,GLENCO,Robert Benton Metcalf,BOLOGNA,1,Starting Grants,2010,1500000.0
267675,Cosmic-Lab,Francesco Ferraro,BOLOGNA,1,Advanced Grants,2010,1880000.0
101164784,CHAIN,Carlo Schwarz,Bocconi MILANO,1,Starting Grants,2024,1491649.0
101165373,DynamicInfoAsym,Esat Doruk Cetemen,Luiss Guido Carli,1,Starting Grants,2024,1136046.0
101171473,WeSET,Thomas Le Barbanchon,Bocconi MILANO,1,Consolidator Grants,2024,1721563.0
101116015,DIGIDEV,Erika Deserranno,Bocconi MILANO,1,Starting Grants,2023,1498500.0
101115804,FINDEV,Nicola Limodio,Bocconi MILANO,1,Starting Grants,2023,1496312.5
101117032,Persistence,Katerina Petrova,"""Ca' Foscari"" VENEZIA",1,Starting Grants,2023,664850.0
101117537,SOFIA,Michela Carlana,Bocconi MILANO,1,Starting Grants,2023,1499875.0
101116966,SOME,Luca Braghieri,Bocconi MILANO,1,Starting Grants,2023,1494625.0
101142844,TRAITS-GAMES,Pierpaolo Battigalli,Bocconi MILANO,1,Advanced Grants,2023,1874575.0
101075924,NTAOTC,Florian Nagler,Bocconi MILANO,1,Starting Grants,2022,1416812.5
101087978,GEM,Luigi Iovino,Bocconi MILANO,1,Consolidator Grants,2022,1532955.0
101088889,ROOTS,Luigi Pascali,Luiss Guido Carli,1,Consolidator Grants,2022,748079.0
101098332,AI-Comp,Emilio Calvano,Luiss Guido Carli,1,Advanced Grants,2022,1877793.0
101097687,MARKINDOWN,Tito Boeri,Bocconi MILANO,1,Advanced Grants,2022,1859312.5
101097578,MemDec,Nicola Gennaioli,Bocconi MILANO,1,Advanced Grants,2022,1936400.0
101042055,EDIPO,Mara Pasquamaria Squicciarini,Bocconi MILANO,1,Starting Grants,2021,1463212.5
101054421,DCS,Francesco Lippi,Luiss Guido Carli,1,Advanced Grants,2021,1447893.0
101055295,InfoEcoScience,Marco Ottaviani,Bocconi MILANO,1,Advanced Grants,2021,1461050.0
101002867,CoDiM,Francesco Decarolis,Bocconi MILANO,1,Consolidator Grants,2020,1721425.0
101021061,SAIM,Alfonso Gambardella,Bocconi MILANO,1,Advanced Grants,2020,1978213.0
852172,HarmfulTraditions,Lucia Corno,Cattolica del Sacro Cuore,1,Starting Grants,2019,1389687.5
852526,POPULIZATION,Salvatore Nunnari,Bocconi MILANO,1,Starting Grants,2019,1415760.0
866181,CLEAN,Paolo Pinotti,Bocconi MILANO,1,Consolidator Grants,2019,1770838.0
835201,ISEProD,Fabiano Schivardi,Luiss Guido Carli,1,Advanced Grants,2018,1944581.0
758190,ESEARCH,Thomas Le Barbanchon,Bocconi MILANO,1,Starting Grants,2017,1250250.0
789049,MIMAT,Gianmarco Ottaviano,Bocconi MILANO,1,Advanced Grants,2017,1335693.75
741643,EUROPOPULISM,Guido Enrico Tabellini,Bocconi MILANO,1,Advanced Grants,2016,1276250.0
679217,REPCOR,Francesco Decarolis,Bocconi MILANO,1,Starting Grants,2015,1046850.0
679949,SDDM-TEA,Simone Cerreia Vioglio,Bocconi MILANO,1,Starting Grants,2015,667875.0
694882,ASNODEV,Eliana La Ferrara,Bocconi MILANO,1,Advanced Grants,2015,1618125.0
694583,PolEc,Massimo Morelli,Bocconi MILANO,1,Advanced Grants,2015,1540625.0
648833,POLITICALMIND,Tommaso Nannicini,Bocconi MILANO,1,Consolidator Grants,2014,1375869.0
647782,SalThApp,Nicola Gennaioli,Bocconi MILANO,1,Consolidator Grants,2014,1431650.0
670337,INDIMACRO,Massimo Marinacci,Bocconi MILANO,1,Advanced Grants,2014,1394716.0
614879,MONPMOD,Pierpaolo Benigno,Luiss Guido Carli,1,Consolidator Grants,2013,837680.0
313671,RESOCONBUCY,Fabrizio Perri,Bocconi MILANO,1,Starting Grants,2012,1098800.0
324219,STRATEMOTIONS,Pierpaolo Lorenzo Aurelio Battigalli,Bocconi MILANO,1,Advanced Grants,2012,1210000.0
283483,FINIMPMACRO,Tommaso Monacelli,Bocconi MILANO,1,Starting Grants,2011,778800.0
295710,ECONOMICHISTORY,"Maristella Botticini, Zvi Eckstein","Bocconi MILANO,Bocconi MILANO",2,Advanced Grants,2011,1113900.0
295835,EVALIDEA,Marco Maria Ottaviani,Bocconi MILANO,1,Advanced Grants,2011,1142200.0
295709,FINLAB,Marco Pagano,Napoli Federico II,1,Advanced Grants,2011,1873800.0
241114,Inst&Glob,Nicola Gennaioli,Bocconi MILANO,1,Starting Grants,2009,1002000.0
240819,MACROMOD,Pierpaolo Benigno,Luiss Guido Carli,1,Starting Grants,2009,648000.0
241196,STRANGERS,Marco Casari,BOLOGNA,1,Starting Grants,2009,769090.0
230367,BRSCDP-TEA,Massimo Marinacci,Bocconi MILANO,1,Advanced Grants,2008,1399800.0
230088,Institutions,Guido Tabellini,Bocconi MILANO,1,Advanced Grants,2008,1068000.0
208661,CIDAM,Eliana La Ferrara,Bocconi MILANO,1,Starting Grants,2007,429480.0
101164328,P-AGE,Xenia Chiaramonte,"""Ca' Foscari"" VENEZIA",1,Starting Grants,2024,1499049.0
101078683,ACCESS,Madalina Moraru,BOLOGNA,1,Starting Grants,2022,1499788.0
101076616,HABITAT,Alessio Sardo,GENOVA,1,Starting Grants,2022,1497340.0
101044015,MENA-PERC,Kevin Koehler,Scuola Superiore Sant'Anna,1,Consolidator Grants,2021,1915601.0
101055185,HyperModeLex,Monica Palmirani,BOLOGNA,1,Advanced Grants,2021,2494509.0
853487,2D4D,Elena Verdolini,BRESCIA,1,Starting Grants,2019,1498375.0
851940,RadicalHOUSING,Michele Lancione,Politecnico di TORINO,1,Starting Grants,2019,1499791.0
853050,SMOOTH,Emanuele Campiglio,BOLOGNA,1,Starting Grants,2019,1499956.0
864687,LOSS,Catherine De Vries - Netjes,Bocconi MILANO,1,Consolidator Grants,2019,1993518.0
802362,BIT-ACT,Alice Mattoni,BOLOGNA,1,Starting Grants,2018,1489115.0
833647,CompuLaw,Giovanni Sartor,BOLOGNA,1,Advanced Grants,2018,2273550.0
756194,ENERGYA,Enrica De Cian,"""Ca' Foscari"" VENEZIA",1,Starting Grants,2017,1495000.0
678783,DomEQUAL,Sabrina Marchetti,"""Ca' Foscari"" VENEZIA",1,Starting Grants,2015,1199976.0
678456,HOMInG,Paolo Boccagni,TRENTO,1,Starting Grants,2015,1499678.0
694697,CoCEAL,Giacinto Della Cananea,Bocconi MILANO,1,Advanced Grants,2015,1254105.0
694145,IFAMID,Arnstein Aassve,Bocconi MILANO,1,Advanced Grants,2015,1850820.0
638259,EUBorderCare,Vanessa Elisa Grotti,BOLOGNA,1,Starting Grants,2014,1498463.0
639284,INTERACT,Delia Stefania Baldassarri,Bocconi MILANO,1,Starting Grants,2014,969100.0
340534,REScEU,Maurizio Ferrera,MILANO,1,Advanced Grants,2013,2496904.0
262873,COD,Giovanni Marco Carbone,MILANO,1,Starting Grants,2010,322283.6
263183,FAMINE,Stefani Scherer,TRENTO,1,Starting Grants,2010,478494.0
269136,Mobilizing4democracy,Donatella Alessandra Della Porta,Scuola Normale Superiore di PISA,1,Advanced Grants,2010,1747200.0
101170767,UNDERGOV,Luigi Achilli,Scuola Superiore Sant'Anna,1,Consolidator Grants,2024,1999392.0
101116718,NEMESIS,Daniele Durante,Bocconi MILANO,1,Starting Grants,2023,1498794.0
101076713,PregDaT,Giulia Zanini,"""Ca' Foscari"" VENEZIA",1,Starting Grants,2022,1497984.0
101088949,CowDom,Valentina Bonifacio,"""Ca' Foscari"" VENEZIA",1,Consolidator Grants,2022,1611768.0
101086663,EDUPOL,Moris Triventi,MILANO,1,Consolidator Grants,2022,1930120.0
101039655,ExpPov,Zachary Parolin,Bocconi MILANO,1,Starting Grants,2021,1393425.0
101042882,F-WORD,Maddalena Gretel Cammelli,TORINO,1,Starting Grants,2021,1114266.0
948982,CRAFTWORK,Alessandro Gandini,MILANO,1,Starting Grants,2020,1152170.0
101002163,IDENTITIES,Elisabetta Crocetti,BOLOGNA,1,Consolidator Grants,2020,1990015.0
101003183,IMMUNE,Alessia Melegaro,Bocconi MILANO,1,Consolidator Grants,2020,1986437.0
101002973,POPCLIMA,Raya Muttarak,BOLOGNA,1,Consolidator Grants,2020,1569500.0
853033,DESPO,Anne-Marie Jeannet,MILANO,1,Starting Grants,2019,1106528.0
865356,GENPOP,Nicola Barban,BOLOGNA,1,Consolidator Grants,2019,1985705.98
714463,ProcessCitizenship,Annalisa Pelizza,BOLOGNA,1,Starting Grants,2016,1498613.75
715950,SHARE,Annalisa Murgia,MILANO,1,Starting Grants,2016,1258250.0
725961,EU-FER,Daniele Vignoli,FIRENZE,1,Consolidator Grants,2016,1689272.0
694262,DisCont,Francesco Candeloro Billari,Bocconi MILANO,1,Advanced Grants,2015,2400555.0
647473,CWASI,Francesco Laio,Politecnico di TORINO,1,Consolidator Grants,2014,1222500.0
336155,COBHAM,Massimo Tavoni,Politecnico di MILANO,1,Starting Grants,2013,1451840.0
336703,RISICO,Valentina Bosetti,Bocconi MILANO,1,Starting Grants,2013,1146002.0
313590,HRES,David Stuckler,Bocconi MILANO,1,Starting Grants,2012,1358013.0
313617,SWELL-FER,Letizia Mencarini,Bocconi MILANO,1,Starting Grants,2012,1052053.0
283955,DECIDE,Alessia Melegaro,Bocconi MILANO,1,Starting Grants,2011,1210000.0
201194,CODEC,Arnstein Aassve,Bocconi MILANO,1,Starting Grants,2007,750000.0
101189208,TaGaDeDys,Giorgio Vallortigara,TRENTO,1,Proof of Concept,2024,150000.0
101170249,PredActive,Paola Binda,PISA,1,Consolidator Grants,2024,1999500.0
101116774,InqML,Ivano Alessandro Ciardelli,PADOVA,1,Starting Grants,2023,971310.0
101116408,OutOfSpace,Luca Rinaldi,PAVIA,1,Starting Grants,2023,1499688.0
101138734,BRAINmade,Viviana Betti,"ROMA ""La Sapienza""",1,Proof of Concept,2023,150000.0
101138232,DeepDive,Salvatore Maria Aglioti,"ROMA ""La Sapienza""",1,Proof of Concept,2023,150000.0
101125658,ATCOM,Roberto Bottini,TRENTO,1,Consolidator Grants,2023,1999358.0
101078497,MyFirstBody,Francesca Garbarini,TORINO,1,Starting Grants,2022,1325060.0
101087053,BraveNewWord,Marco Marelli,MILANO-BICOCCA,1,Consolidator Grants,2022,1387005.0
101098102,DiLaDi,Béla Adamik,"""Ca' Foscari"" VENEZIA",2,Advanced Grants,2022,2337500.0
101096728,ROOMors,Umberto Castiello,PADOVA,1,Advanced Grants,2022,3148411.0
101039206,ATENA,Maddalena Boccia,"ROMA ""La Sapienza""",1,Starting Grants,2021,1499718.0
101042701,DECOMPOSE,Ioana Cristea,PADOVA,1,Starting Grants,2021,1497500.0
101043216,IN-MIND,Silvia Elena Benavides Varela,PADOVA,1,Starting Grants,2021,1499798.0
101041885,TOHR,Andrea Ravignani,"ROMA ""La Sapienza""",1,Starting Grants,2021,1496294.0
101042625,UnaWireD,Giovanna Zamboni,MODENA e REGGIO EMILIA,1,Starting Grants,2021,1213888.0
101045733,PROMENADE,Valentina Bambini,I.U.S.S. - PAVIA,1,Consolidator Grants,2021,1854188.0
948891,TweakDreams,Giulio Bernardi,Scuola IMT Alti Studi LUCCA,1,Starting Grants,2020,1488270.0
804422,NOAM,Roberto Bottini,TRENTO,1,Starting Grants,2018,1498644.0
801715,PUPILTRAITS,Paola Binda,PISA,1,Starting Grants,2018,1490375.0
842243,NeuroSoNew,Giorgio Vallortigara,TRENTO,1,Proof of Concept,2018,149945.0
832813,GenPercept,David Burr,FIRENZE,1,Advanced Grants,2018,2480969.38
833504,SPANUMBRA,Giorgio Vallortigara,TRENTO,1,Advanced Grants,2018,2628333.0
759651,HANDmade,Viviana Betti,"ROMA ""La Sapienza""",1,Starting Grants,2017,1494662.0
779604,MoViS,Giorgio Vallortigara,TRENTO,1,Proof of Concept,2017,149936.0
773202,BabyRhythm,Judit Gervain,PADOVA,1,Consolidator Grants,2017,1621250.0
772953,LIGHTUP,Marco Tamietto,TORINO,1,Consolidator Grants,2017,1994212.0
789058,eHONESTY,Salvatore Maria Aglioti,"ROMA ""La Sapienza""",1,Advanced Grants,2017,2497188.0
679010,STATLEARN,Davide Crepaldi,SISSA - TRIESTE,1,Starting Grants,2015,1498210.0
682117,BiT,Domenica Bueti,SISSA - TRIESTE,1,Consolidator Grants,2015,1670830.0
640594,CRASK,Scott Laurence Fairhall,TRENTO,1,Starting Grants,2014,1472502.0
640638,Objectivity,Jan (Michael) Sprenger,TORINO,1,Starting Grants,2014,1487928.0
617629,Transfer-Learning,Giorgio Coricelli,TRENTO,1,Consolidator Grants,2013,1999998.0
338866,ECSPLAIN,Maria Concetta Morrone,PISA,1,Advanced Grants,2013,2493000.0
339939,Perceptual Awareness,Carlo Alberto Marzi,VERONA,1,Advanced Grants,2013,2139556.0
313658,CoPeST,David Paul Melcher,TRENTO,1,Starting Grants,2012,1002102.0
313692,LEX-MEA,Antonino Vallesi,PADOVA,1,Starting Grants,2012,1475950.0
323606,Parietalaction,Guy A. Orban,PARMA,1,Advanced Grants,2012,2475000.0
283554,COMPOSES,Marco Baroni,TRENTO,1,Starting Grants,2011,1117636.0
295517,PREMESOR,Giorgio Vallortigara,TRENTO,1,Advanced Grants,2011,2367922.0
263318,NeuroInt,Uri Hasson,TRENTO,1,Starting Grants,2010,978678.0
269502,PASCAL,Jacques Mehler,SISSA - TRIESTE,1,Advanced Grants,2010,2500000.0
241176,ODMIR,Chiara Turati,MILANO-BICOCCA,1,Starting Grants,2009,1208400.0
229445,STANIB,David Burr,FIRENZE,1,Advanced Grants,2008,2376000.0
210922,GENMOD,Marco Zorzi,PADOVA,1,Starting Grants,2007,492200.0
101164219,COST-X,Neri Marsili,TORINO,1,Starting Grants,2024,1389776.0
101164035,ReMedY,Marilena Panarelli,PALERMO,1,Starting Grants,2024,1498828.0
101164324,UnMaP,Silvia Di Vincenzo,"""Ca' Foscari"" VENEZIA",1,Starting Grants,2024,1417204.0
101171020,ArOMa,Elisa Coda,PISA,1,Consolidator Grants,2024,1555956.0
101171475,NEWWORLD,Cecilia Muratori,PAVIA,1,Consolidator Grants,2024,1999663.0
101170566,TabulaRasa,Michele Cammarosano,"""L'Orientale"" di NAPOLI",1,Consolidator Grants,2024,1990000.0
101115616,ALiDiM,Simona Olivieri,"""Ca' Foscari"" VENEZIA",1,Starting Grants,2023,1496241.0
101117162,I-STREAM,Ofer Gazit,"""Ca' Foscari"" VENEZIA",1,Starting Grants,2023,1302500.0
101118016,MEGAMAPS,Sara Borrillo,"""L'Orientale"" di NAPOLI",1,Starting Grants,2023,1478750.0
101137707,TIMELAPSE,Andrea Pinotti,MILANO,1,Proof of Concept,2023,150000.0
101142420,18ETHICS,Stefano Bacin,MILANO,1,Advanced Grants,2023,1463694.0
101100643,EUFACETS,Massimo Leone,TORINO,1,Proof of Concept,2022,150000.0
101088645,AIMODELS,Matteo Pasquinelli,"""Ca' Foscari"" VENEZIA",1,Consolidator Grants,2022,1927573.0
101086695,APATHES,Christian Vassallo,TORINO,1,Consolidator Grants,2022,1999587.0
101088363,CAncAn,Annick Payne,"""Ca' Foscari"" VENEZIA",1,Consolidator Grants,2022,1598515.0
101088698,SIQILLIYA,Nicola Carpentieri,PADOVA,1,Consolidator Grants,2022,1931221.0
101039777,ABSTRACTION,Marianna Marcella Bolognesi,BOLOGNA,1,Starting Grants,2021,1392265.0
101041826,FragArist,Gertjan Verhasselt,PADOVA,1,Starting Grants,2021,1500000.0
101042338,HEMIG,Lorenzo Pezzani,BOLOGNA,1,Starting Grants,2021,1499855.0
101040302,LeviNeT,Martina Mengoni,FERRARA,1,Starting Grants,2021,1190125.0
101040535,PEA,Enrico Terrone,GENOVA,1,Starting Grants,2021,1493753.0
101041596,PolyphonicPhilosophy,Caterina Tarlazzi,"""Ca' Foscari"" VENEZIA",1,Starting Grants,2021,1498215.0
101042655,SCRIBEMUS,Giovanni Varelli,PAVIA,1,Starting Grants,2021,1497793.0
101040474,VeNiss,Ludovica Galeazzo,PADOVA,1,Starting Grants,2021,1499877.5
101054750,LAUDARE,Francesco Zimei,TRENTO,1,Advanced Grants,2021,2388928.0
949742,HealthXCross,Roberta Raffaeta,"""Ca' Foscari"" VENEZIA",1,Starting Grants,2020,1367062.0
950084,NEMUS,Michele Ducceschi,BOLOGNA,1,Starting Grants,2020,1497265.0
950513,NONWESTLIT,Ozen Nergis Dolcerocca,BOLOGNA,1,Starting Grants,2020,1457660.0
950248,SenSArt,Zuleika Murat,PADOVA,1,Starting Grants,2020,1499328.0
949645,WRITE,Adriana Iezzi,BOLOGNA,1,Starting Grants,2020,1113750.0
851466,EJCM,Joseph Sanzo,"""Ca' Foscari"" VENEZIA",1,Starting Grants,2019,1311355.0
865863,AdriArchCult,Jasenka Gudelj,"""Ca' Foscari"" VENEZIA",1,Consolidator Grants,2019,1999750.0
865817,PURA,Olga Tribulato,"""Ca' Foscari"" VENEZIA",1,Consolidator Grants,2019,1303437.0
885222,GreekSchools,Graziano Ranocchia,PISA,1,Advanced Grants,2019,2498356.0
882588,PAGES,Michela Rosellini,"ROMA ""La Sapienza""",1,Advanced Grants,2019,2486375.0
819649,FACETS,Massimo Leone,TORINO,1,Consolidator Grants,2018,1997803.0
834033,AN-ICON,Andrea Pinotti,MILANO,1,Advanced Grants,2018,2328736.0
758732,FLOS,Emiliano Fiori,"""Ca' Foscari"" VENEZIA",1,Starting Grants,2017,1343175.0
757314,NeMoSanctI,Jenny Ponzo,TORINO,1,Starting Grants,2017,1051590.0
757299,PALaC,Federico Giusfredi,VERONA,1,Starting Grants,2017,1233750.0
758145,PROTEUS,Silvia De Bianchi,MILANO,1,Starting Grants,2017,1418869.0
758450,RISK,Alessandro Metlica,PADOVA,1,Starting Grants,2017,1452210.0
772544,IMPACT HAU,Marc Brightman,BOLOGNA,1,Consolidator Grants,2017,1999999.0
771127,INSCRIBE,Silvia Ferrara,BOLOGNA,1,Consolidator Grants,2017,1463337.0
769994,LiLa,Marco Carlo Passarotti,Cattolica del Sacro Cuore,1,Consolidator Grants,2017,1984500.0
786379,ArsNova,Maria Sofia Lannutti,FIRENZE,1,Advanced Grants,2017,2193375.0
786572,NOTAE,Antonella Ghignoli,"ROMA ""La Sapienza""",1,Advanced Grants,2017,1479625.0
714874,DiGe,Renata Sõukand,"""Ca' Foscari"" VENEZIA",1,Starting Grants,2016,1496675.0
727832,OPenPal,Maurizio Ghelardi,Università IUAV di VENEZIA,1,Proof of Concept,2016,150000.0
724914,AlchemEast,Matteo Martelli,BOLOGNA,1,Consolidator Grants,2016,1997000.0
678711,INCOMMON,Annalisa Sacchi,Università IUAV di VENEZIA,1,Starting Grants,2015,1452685.91
637533,BIFLOW,Antonio Montefusco,"""Ca' Foscari"" VENEZIA",1,Starting Grants,2014,1480625.0
639276,PhilPharm,Barbara Osimani,Politecnica delle MARCHE,1,Starting Grants,2014,1500000.0
636983,PLATINUM,Maria Chiara Scappaticcio,Napoli Federico II,1,Starting Grants,2014,1485712.0
335949,ARISTOTLE,Marco Sgarbi,"""Ca' Foscari"" VENEZIA",1,Starting Grants,2013,1483180.0
339828,DIGMEDTEXT,Isabella Andorlini,PARMA,1,Advanced Grants,2013,654836.0
339621,PhiBor,Amos Bertolacci,Scuola IMT Alti Studi LUCCA,1,Advanced Grants,2013,1140800.0
295960,COSMED,Rosario Marco Nobile,PALERMO,1,Advanced Grants,2011,1203960.0
295620,LOOKINGATWORDS,Lina Bolzoni,Scuola Normale Superiore di PISA,1,Advanced Grants,2011,1376200.0
295550,SIXXI,Sergio Poretti,"ROMA ""Tor Vergata""",1,Advanced Grants,2011,987270.0
263549,HistAntArtSI,Bianca De Divitiis,Napoli Federico II,1,Starting Grants,2010,1500000.0
269774,DASI,Alessandra Avanzini,PISA,1,Advanced Grants,2010,2129200.0
249483,EUROCORR,Maurizio Ghelardi,Scuola Normale Superiore di PISA,1,Advanced Grants,2009,1215600.0
249431,Greek into Arabic,Cristina D'Ancona,PISA,1,Advanced Grants,2009,2106380.99
101165261,COLIBRI,Matilde Malaspina,"ROMA ""La Sapienza""",1,Starting Grants,2024,1495625.0
101115916,INWOOD,Giacomo Bonan,TORINO,1,Starting Grants,2023,1489901.0
101125532,AviArch,Beatrice Demarchi,TORINO,1,Consolidator Grants,2023,1999969.0
101124518,EU-GUNS,Matteo Millan,PADOVA,1,Consolidator Grants,2023,1999913.0
101126116,PatriFem,Denise Bezzina,GENOVA,1,Consolidator Grants,2023,1960215.0
101124725,REDMIX,Valentina Fusari,TORINO,1,Consolidator Grants,2023,1864059.0
101077793,DEMALPS,Marta Gravela,TORINO,1,Starting Grants,2022,1495320.0
101077348,MOTHERS,Alessia Nava,"ROMA ""La Sapienza""",1,Starting Grants,2022,1499923.0
101088489,WO-NAM,Chiara Bonfiglioli,"""Ca' Foscari"" VENEZIA",1,Consolidator Grants,2022,1985458.0
101043954,FeBo,Elena Franchi,TRENTO,1,Consolidator Grants,2021,668961.0
101044437,SSE1K,Helen Foxhall Forbes,"""Ca' Foscari"" VENEZIA",1,Consolidator Grants,2021,1998963.0
101043939,UseFool,Lucia Raggetti,BOLOGNA,1,Consolidator Grants,2021,1943208.0
101054143,IN-ROME,Barbara E. Borg,Scuola Normale Superiore di PISA,1,Advanced Grants,2021,2498457.0
101002811,FELIX,Claudio Ottoni,"ROMA ""Tor Vergata""",1,Consolidator Grants,2020,1999420.0
101001839,GEODAP,Cristiano Nicosia,PADOVA,1,Consolidator Grants,2020,1987141.0
101001857,HOLYLAB,Felicita Tramontana,ROMA TRE,1,Consolidator Grants,2020,1964456.0
101002084,MICOLL,Stefania Gialdroni,PADOVA,1,Consolidator Grants,2020,1610593.0
101002763,RESP,Dario Calomino,VERONA,1,Consolidator Grants,2020,1998026.0
101020613,Graff-IT,Carlo Tedeschi,CHIETI-PESCARA,1,Advanced Grants,2020,2499731.0
101019166,HumanEuroMed,Silvia Salvatici,FIRENZE,1,Advanced Grants,2020,1968945.0
853539,ANTIGONE,Anna Maria Stagno,GENOVA,1,Starting Grants,2019,1498000.0
865067,ArmEn,Zaroui Pogossian,FIRENZE,1,Consolidator Grants,2019,1999994.0
803147,RESOLUTION,Sahra Talamo,BOLOGNA,1,Starting Grants,2018,1499381.0
803624,SHIVADHARMA,Florinda De Simini,"""L'Orientale"" di NAPOLI",1,Starting Grants,2018,1499348.75
803644,SpoilsofWAR,Tamas Vonyo,Bocconi MILANO,1,Starting Grants,2018,1498798.0
818098,TACITROOTS,Giulia Giannini,MILANO,1,Consolidator Grants,2018,1708206.0
833834,Water-Cultures,David Gentilcore,"""Ca' Foscari"" VENEZIA",1,Advanced Grants,2018,2444549.0
759829,DISCOMPOSE,Domenico Cecere,Napoli Federico II,1,Starting Grants,2017,1481813.0
725883,EarlyModernCosmology,Pietro Daniel Omodeo,"""Ca' Foscari"" VENEZIA",1,Consolidator Grants,2016,1999976.0
725687,SMITE,Guido Alfani,Bocconi MILANO,1,Consolidator Grants,2016,1499375.0
724046,SUCCESS,Stefano Benazzi,BOLOGNA,1,Consolidator Grants,2016,1993811.0
677199,PREWArAs,Matteo Millan,PADOVA,1,Starting Grants,2015,1448776.0
681673,L.I.F.E.,Corinna Rossi,Politecnico di MILANO,1,Consolidator Grants,2015,1994932.5
694476,EMoBookTrade,Angela Nuovo,MILANO,1,Advanced Grants,2015,1434375.0
687567,PAThs,Paola Buzi,"ROMA ""La Sapienza""",1,Advanced Grants,2015,2192507.0
639286,HIDDEN FOODS,Emanuela Cristiani,"ROMA ""La Sapienza""",1,Starting Grants,2014,1499856.0
670792,nEU-Med,Richard Hodges,SIENA,1,Advanced Grants,2014,2500000.0
670436,SIR,Aldo Schiavone,"ROMA ""La Sapienza""",1,Advanced Grants,2014,2025000.0
341102,REDHIS,Dario Giuseppe Mantovani,PAVIA,1,Advanced Grants,2013,1396980.0
313737,SWAB,Alice Bellagamba,MILANO-BICOCCA,1,Starting Grants,2012,935100.0
283802,EINITE,Guido Alfani,Bocconi MILANO,1,Starting Grants,2011,995400.0
249394,EBLA CHORA,Paolo Matthiae,"ROMA ""La Sapienza""",1,Advanced Grants,2009,1105240.0
101164071,UNITES,Stefano Moret,Politecnico di MILANO,1,Starting Grants,2024,1499347.1
101170509,BELIEFS,Emanuele Campiglio,BOLOGNA,1,Consolidator Grants,2024,1999391.0
101170187,EnactDECOM,Mara Ferreri,Politecnico di TORINO,1,Consolidator Grants,2024,1959768.0
101170376,HARSH,Elisabetta De Cao,BOLOGNA,1,Consolidator Grants,2024,1992656.0
101169652,SOS-GVC,Jacopo Canello,PARMA,1,Consolidator Grants,2024,1248100.0
101117427,FIND,Francesco Lamperti,Scuola Superiore Sant'Anna,1,Starting Grants,2023,1499825.0
101076495,FIREPOL,Lorenza Belinda Fontana,TORINO,1,Starting Grants,2022,1499993.84
101077533,Frailife,Nicoletta Balbo,Bocconi MILANO,1,Starting Grants,2022,1401938.0
101089107,GREEN TIPPING,Alessandro Tavoni,BOLOGNA,1,Consolidator Grants,2022,1758084.0
101044703,EUNICE,Massimo Tavoni,Politecnico di MILANO,1,Consolidator Grants,2021,1995000.0
101045534,PRA,David Stuckler,Bocconi MILANO,1,Consolidator Grants,2021,1880430.0
101053836,SOLROUTES,Luca Queirolo Palmas,GENOVA,1,Advanced Grants,2021,2498653.75
101054428,TheGAME,Claudio Minca,BOLOGNA,1,Advanced Grants,2021,2473760.0
